Content,Label

,"Mua xong mà lòng đau như cắt. Nhưng thôi, nghĩ lại thì cũng đáng vì chất lượng ổn"
,"Giao hàng nhanh, lắp đặt tận tình, nhưng mua xong ví tôi hơi đau"
,"Mua tủ lạnh xong, đồ ăn chất đầy mà vẫn còn chỗ trống. Chắc phải ra siêu thị mua thêm"
,"Giao hàng nhanh, lắp đặt cẩn thận nhưng hơi tiếc là không có tùy chọn màu sắc khác"
,"Tủ lạnh thiết kế đẹp, dung tích lớn nhưng hơi chiếm diện tích một chút. Dù vậy vẫn rất hài lòng"
,"Ngăn rau củ giữ ẩm tốt, rau để cả tuần vẫn tươi. Tính năng này mình thấy rất hữu ích"
,"Tủ lạnh khử mùi rất tốt, không còn mùi khó chịu khi để thực phẩm lâu ngày. Rất hài lòng"
,"Mua ở FPT Shop được giao hàng nhanh, nhân viên lắp đặt tận tình"
,"Thiết kế Multi Door hiện đại, không gian lưu trữ rộng rãi. Cả nhà mình đều thích"
,"Ngăn đông mềm bảo quản thực phẩm rất tốt, không cần rã đông khi nấu ăn. Quá tiện lợi"
,"Công nghệ Inverter tiết kiệm điện đúng như quảng cáo. Tủ chạy êm, không gây tiếng ồn."
,"Tủ lạnh thiết kế quá đẹp, dung tích lớn, rất phù hợp với gia đình đông người. Mình cực kỳ hài lòng"
, có chính sách giảm giá thêm cho khách hàng thân thiết không
,"Phương thức thanh toán khi mua tủ lạnh này như thế nào, có hỗ trợ thanh toán online không"
,"Mua tủ lạnh này tại FPT Shop có được giao hàng tận nơi không,  phí giao hàng là bao nhiêu"
,Nếu trả góp thì mỗi tháng mình phải trả bao nhiêu
,Mua sản phẩm này trong dịp cuối năm thì có thêm ưu đãi gì không
,"Ngoài giảm giá, không biết FPT Shop có hỗ trợ miễn phí vận chuyển không"
,Giá cuối nhiêu
,Mua tủ lạnh này tại FPT Shop có được tặng kèm quà gì không
,Chương trình khuyến mãi cho sản phẩm này kéo dài đến khi nào vậy
,"Có trả góp không , trả trước bao nhiêu"
,Có khuyến mãi gì không
,Bề mặt tủ lạnh có chống bám vân tay không
,Đèn LED bên trong có sáng và bền không? Có giúp dễ dàng tìm đồ vào ban đêm không
,"Tủ lạnh này có phù hợp với gia đình 4 người không, hay chỉ dành cho gia đình đông người"
,"Dung tích lớn như vậy, không biết tủ lạnh này có gây tiếng ồn khi hoạt động không"
,Tủ lạnh này có trang bị công nghệ khử mùi hay diệt khuẩn không
,Bảng điều khiển cảm ứng bên ngoài có dễ sử dụng không
,Ngăn rau củ của tủ lạnh này có giữ được độ ẩm lâu không
,Tủ lạnh này có khả năng làm đá tự động không
,"Mình thấy thiết kế Multi Door rất đẹp, nhưng không biết có dễ lau chùi không"
Content,Label
Content,Label
